<Events startTimestamp="1600109743877" logVersion="1.0.0.202008151525">
  <Command __id="5" _type="EclipseCommand" commandID="" date="Mon Sep 14 14:56:45 EDT 2020" starttimestamp="1600109743877" timestamp="61145" />
  <Command __id="6" _type="ShellCommand" date="Mon Sep 14 14:56:45 EDT 2020" starttimestamp="1600109743877" timestamp="61149" type="ECLIPSE_GAINED_FOCUS" />
  <Command __id="7" _type="EclipseCommand" commandID="" date="Mon Sep 14 14:56:45 EDT 2020" starttimestamp="1600109743877" timestamp="61284" />
  <Command __id="9" _type="MoveCaretCommand" caretOffset="0" date="Mon Sep 14 14:56:45 EDT 2020" docOffset="0" starttimestamp="1600109743877" timestamp="62045" />
  <Command __id="11" _type="ShellCommand" date="Mon Sep 14 14:57:00 EDT 2020" starttimestamp="1600109743877" timestamp="76400" type="ECLIPSE_GAINED_FOCUS" />
  <Command __id="12" _type="EclipseCommand" commandID="" date="Mon Sep 14 14:57:00 EDT 2020" starttimestamp="1600109743877" timestamp="76445" />
  <Command __id="13" _type="EclipseCommand" commandID="" date="Mon Sep 14 14:57:00 EDT 2020" starttimestamp="1600109743877" timestamp="76573" />
  <Command __id="14" _type="ShellCommand" date="Mon Sep 14 14:57:03 EDT 2020" starttimestamp="1600109743877" timestamp="80073" type="ECLIPSE_LOST_FOCUS" />
  <Command __id="15" _type="ShellCommand" date="Mon Sep 14 14:57:29 EDT 2020" starttimestamp="1600109743877" timestamp="105830" type="ECLIPSE_GAINED_FOCUS" />
  <Command __id="17" _type="MoveCaretCommand" caretOffset="202" date="Mon Sep 14 14:57:29 EDT 2020" docOffset="266" starttimestamp="1600109743877" timestamp="106100" />
  <Command __id="18" _type="ShellCommand" date="Mon Sep 14 14:57:43 EDT 2020" starttimestamp="1600109743877" timestamp="119763" type="ECLIPSE_LOST_FOCUS" />
  <Command __id="19" _type="ShellCommand" date="Mon Sep 14 14:57:49 EDT 2020" starttimestamp="1600109743877" timestamp="125178" type="ECLIPSE_GAINED_FOCUS" />
  <Command __id="20" _type="EclipseCommand" commandID="org.eclipse.jdt.ui.edit.text.java.rename.element" date="Mon Sep 14 14:57:49 EDT 2020" starttimestamp="1600109743877" timestamp="125219" />
  <Command __id="21" _type="ShellCommand" date="Mon Sep 14 14:57:53 EDT 2020" starttimestamp="1600109743877" timestamp="129626" type="ECLIPSE_LOST_FOCUS" />
  <Command __id="22" _type="ShellCommand" date="Mon Sep 14 14:57:58 EDT 2020" starttimestamp="1600109743877" timestamp="134832" type="ECLIPSE_GAINED_FOCUS" />
  <Command __id="23" _type="EclipseCommand" commandID="" date="Mon Sep 14 14:57:58 EDT 2020" starttimestamp="1600109743877" timestamp="134887" />
  <Command __id="24" _type="EclipseCommand" commandID="" date="Mon Sep 14 14:57:58 EDT 2020" starttimestamp="1600109743877" timestamp="134998" />
  <Command __id="25" _type="ShellCommand" date="Mon Sep 14 14:58:12 EDT 2020" starttimestamp="1600109743877" timestamp="148378" type="ECLIPSE_LOST_FOCUS" />
  <Command __id="26" _type="ShellCommand" date="Mon Sep 14 14:58:26 EDT 2020" starttimestamp="1600109743877" timestamp="162884" type="ECLIPSE_GAINED_FOCUS" />
  <Command __id="27" _type="ShellCommand" date="Mon Sep 14 14:58:47 EDT 2020" starttimestamp="1600109743877" timestamp="183371" type="ECLIPSE_LOST_FOCUS" />
</Events>
