Id,Prediction,Date,File,StartTime,ElapsedTime,BusyTime,Commands,editOrInsertPercentage,debugPercentage,navigationPercentage,focusPercentage,removePercentage,editPercentage,COMMAND_RATE,NAVIGATION_RATE,DEBUG_RATE,FOCUS_RATE,EDIT_RATE,REMOVE_RATE,INSERT_RATE,webLinkTimes,Web Page Visits
1,,Wed Sep 16 10:17:15 EDT 2020,RunF20A1Tests.java,1600265835373,1669,1669,(I)2(F)2(I)9(R)1,0.7857142857142857,0.0,0.0,14.285714285714285,0.0,0.0,14.0,0.0,0.0,2.0,0.0,1.0,11.0,0.0,[]
,/modelData/A0UserStudy2010.arff,Wed Sep 16 10:17:15 EDT 2020,RunF20A1Tests.java, 1600265835373
2,,Wed Sep 16 10:17:17 EDT 2020,ASocialDistanceUtility.java,1600265837045,67749,0,(R)1(I)16,0.9411764705882353,0.0,0.0,0.0,0.0,0.0,0.2537313432835821,0.0,0.0,0.0,0.0,0.014925373134328358,0.23880597014925373,0.0,[]
3,,Wed Sep 16 10:18:25 EDT 2020,ASocialDistanceUtility.java,1600265905006,4,4,(I)8(R)2(I)5(R)1(I)9,0.88,0.0,0.0,0.0,0.0,0.0,0.0,0.0,0.0,0.0,0.0,null,0.0,0.0,[]
4,,Wed Sep 16 10:18:25 EDT 2020,ASocialDistanceUtility.java,1600265905144,4151,4151,(I)7(R)2(I)5(R)5(I)6,0.72,0.0,0.0,0.0,0.0,0.0,6.25,0.0,0.0,0.0,0.0,1.75,4.5,0.0,[]
5,,Wed Sep 16 10:18:29 EDT 2020,ASocialDistanceUtility.java,1600265909703,3760,3760,(I)4(R)2(I)19,0.92,0.0,0.0,0.0,0.0,0.0,8.333333333333334,0.0,0.0,0.0,0.0,0.6666666666666666,7.666666666666667,0.0,[]
6,,Wed Sep 16 10:18:33 EDT 2020,SocialDistanceUtility.java,1600265913474,22697,0,(I)19(R)3,0.8636363636363636,0.0,0.0,0.0,0.0,0.0,1.0,0.0,0.0,0.0,0.0,0.13636363636363635,0.8636363636363636,0.0,[]
7,,Wed Sep 16 10:18:56 EDT 2020,SocialDistanceUtility.java,1600265936177,16469,0,(R)1(I)22,0.9565217391304348,0.0,0.0,0.0,0.0,0.0,1.4375,0.0,0.0,0.0,0.0,0.0625,1.375,0.0,[]
8,,Wed Sep 16 10:19:12 EDT 2020,ASocialDistanceUtility.java,1600265952647,19144,0,(I)5(R)8(I)6(R)2(I)2(R)2,0.52,0.0,0.0,0.0,0.0,0.0,1.3157894736842106,0.0,0.0,0.0,0.0,0.631578947368421,0.6842105263157895,0.0,[]
9,,Wed Sep 16 10:19:35 EDT 2020,ASocialDistanceUtility.java,1600265975824,82162,0,(I)6(F)2(I)11(F)1,0.85,0.0,0.0,15.0,0.0,0.0,0.24390243902439024,0.0,0.0,0.036585365853658534,0.0,0.0,0.2073170731707317,0.0,[]
