#,Time,%Passes,Change,Test,Pass,Partial,Fail,Untested
0,Tue Sep 15 01:53:26 EDT 2020,0,0,F20Assignment1Suite, , ,A1AccessModifiersMatched- A1InterfaceAsType- A1MnemonicNames- A1NamedConstants- A1NoCheckstyleWarnings- A1PublicMethodsOverride- BasicMainTest- ClassifierFactory- CompareSafetyComputationsTest- ControllerFactory- DerivedSafetyTest- DerivingMainTest- GenerateSafeDistancesAndDurationsTest- GivenSafetyTest- InferringMainTest- InterpolatedReuse- InterpolatedSafetyTest- InterpolatingMainTest- IsInferredSafeTest- IsInterpolatedOneParameterSafetyTest- IsInterpolatedTwoParameterSafetyTest- ModelFactory- PrintGeneratedCombinationDerivedSafetyTest- PrintGeneratedCombinationInferredSafetyTest- PrintGivenAndGeneratedCombinationDerivedTest- PrintSafeDistancesAndDurationsTest- SafeSocializationtxtProvided- SocialDistanceBasicMainProvided- SocialDistanceClassRegistryProvided- SocialDistanceDerivingMainProvided- SocialDistanceInferringMainProvided- SocialDistanceInterpolatingMainProvided- SocialDistanceUtilityProvided- SocialDistanceUtilityTesterMainProvided- UtilityJavaDocs- UtilityTesterMainTest- ViewFactory- WekaFileSizeTest- , ,
1,Tue Sep 15 01:59:40 EDT 2020,0,0,F20Assignment1Suite, , ,A1AccessModifiersMatched A1InterfaceAsType A1MnemonicNames A1NamedConstants A1NoCheckstyleWarnings A1PublicMethodsOverride BasicMainTest ClassifierFactory CompareSafetyComputationsTest ControllerFactory DerivedSafetyTest DerivingMainTest GenerateSafeDistancesAndDurationsTest GivenSafetyTest InferringMainTest InterpolatedReuse InterpolatedSafetyTest InterpolatingMainTest IsInferredSafeTest IsInterpolatedOneParameterSafetyTest IsInterpolatedTwoParameterSafetyTest ModelFactory PrintGeneratedCombinationDerivedSafetyTest PrintGeneratedCombinationInferredSafetyTest PrintGivenAndGeneratedCombinationDerivedTest PrintSafeDistancesAndDurationsTest SafeSocializationtxtProvided SocialDistanceBasicMainProvided SocialDistanceClassRegistryProvided SocialDistanceDerivingMainProvided SocialDistanceInferringMainProvided SocialDistanceInterpolatingMainProvided SocialDistanceUtilityProvided SocialDistanceUtilityTesterMainProvided UtilityJavaDocs UtilityTesterMainTest ViewFactory WekaFileSizeTest , ,
2,Tue Sep 15 02:00:03 EDT 2020,0,0,F20Assignment1Suite, , ,A1AccessModifiersMatched A1InterfaceAsType A1MnemonicNames A1NamedConstants A1NoCheckstyleWarnings A1PublicMethodsOverride BasicMainTest ClassifierFactory CompareSafetyComputationsTest ControllerFactory DerivedSafetyTest DerivingMainTest GenerateSafeDistancesAndDurationsTest GivenSafetyTest InferringMainTest InterpolatedReuse InterpolatedSafetyTest InterpolatingMainTest IsInferredSafeTest IsInterpolatedOneParameterSafetyTest IsInterpolatedTwoParameterSafetyTest ModelFactory PrintGeneratedCombinationDerivedSafetyTest PrintGeneratedCombinationInferredSafetyTest PrintGivenAndGeneratedCombinationDerivedTest PrintSafeDistancesAndDurationsTest SafeSocializationtxtProvided SocialDistanceBasicMainProvided SocialDistanceClassRegistryProvided SocialDistanceDerivingMainProvided SocialDistanceInferringMainProvided SocialDistanceInterpolatingMainProvided SocialDistanceUtilityProvided SocialDistanceUtilityTesterMainProvided UtilityJavaDocs UtilityTesterMainTest ViewFactory WekaFileSizeTest , ,
3,Tue Sep 15 02:04:57 EDT 2020,0,0,F20Assignment1Suite, , ,A1AccessModifiersMatched A1InterfaceAsType A1MnemonicNames A1NamedConstants A1NoCheckstyleWarnings A1PublicMethodsOverride BasicMainTest ClassifierFactory CompareSafetyComputationsTest ControllerFactory DerivedSafetyTest DerivingMainTest GenerateSafeDistancesAndDurationsTest GivenSafetyTest InferringMainTest InterpolatedReuse InterpolatedSafetyTest InterpolatingMainTest IsInferredSafeTest IsInterpolatedOneParameterSafetyTest IsInterpolatedTwoParameterSafetyTest ModelFactory PrintGeneratedCombinationDerivedSafetyTest PrintGeneratedCombinationInferredSafetyTest PrintGivenAndGeneratedCombinationDerivedTest PrintSafeDistancesAndDurationsTest SafeSocializationtxtProvided SocialDistanceBasicMainProvided SocialDistanceClassRegistryProvided SocialDistanceDerivingMainProvided SocialDistanceInferringMainProvided SocialDistanceInterpolatingMainProvided SocialDistanceUtilityProvided SocialDistanceUtilityTesterMainProvided UtilityJavaDocs UtilityTesterMainTest ViewFactory WekaFileSizeTest , ,
4,Tue Sep 15 02:07:09 EDT 2020,2,2,F20Assignment1Suite,SocialDistanceClassRegistryProvided+ , ,A1AccessModifiersMatched A1InterfaceAsType A1MnemonicNames A1NamedConstants A1NoCheckstyleWarnings A1PublicMethodsOverride BasicMainTest ClassifierFactory CompareSafetyComputationsTest ControllerFactory DerivedSafetyTest DerivingMainTest GenerateSafeDistancesAndDurationsTest GivenSafetyTest InferringMainTest InterpolatedReuse InterpolatedSafetyTest InterpolatingMainTest IsInferredSafeTest IsInterpolatedOneParameterSafetyTest IsInterpolatedTwoParameterSafetyTest ModelFactory PrintGeneratedCombinationDerivedSafetyTest PrintGeneratedCombinationInferredSafetyTest PrintGivenAndGeneratedCombinationDerivedTest PrintSafeDistancesAndDurationsTest SafeSocializationtxtProvided SocialDistanceBasicMainProvided SocialDistanceDerivingMainProvided SocialDistanceInferringMainProvided SocialDistanceInterpolatingMainProvided SocialDistanceUtilityProvided SocialDistanceUtilityTesterMainProvided UtilityJavaDocs UtilityTesterMainTest ViewFactory WekaFileSizeTest , ,
5,Tue Sep 15 02:09:59 EDT 2020,7,5,F20Assignment1Suite,GivenSafetyTest+ SocialDistanceClassRegistryProvided SocialDistanceUtilityProvided+ , ,A1AccessModifiersMatched A1InterfaceAsType A1MnemonicNames A1NamedConstants A1NoCheckstyleWarnings A1PublicMethodsOverride BasicMainTest ClassifierFactory CompareSafetyComputationsTest ControllerFactory DerivedSafetyTest DerivingMainTest GenerateSafeDistancesAndDurationsTest InferringMainTest InterpolatedReuse InterpolatedSafetyTest InterpolatingMainTest IsInferredSafeTest IsInterpolatedOneParameterSafetyTest IsInterpolatedTwoParameterSafetyTest ModelFactory PrintGeneratedCombinationDerivedSafetyTest PrintGeneratedCombinationInferredSafetyTest PrintGivenAndGeneratedCombinationDerivedTest PrintSafeDistancesAndDurationsTest SafeSocializationtxtProvided SocialDistanceBasicMainProvided SocialDistanceDerivingMainProvided SocialDistanceInferringMainProvided SocialDistanceInterpolatingMainProvided SocialDistanceUtilityTesterMainProvided UtilityJavaDocs UtilityTesterMainTest ViewFactory WekaFileSizeTest , ,
6,Tue Sep 15 02:37:04 EDT 2020,7,0,F20Assignment1Suite,GivenSafetyTest SocialDistanceClassRegistryProvided SocialDistanceUtilityProvided ,InterpolatedSafetyTest+ ,A1AccessModifiersMatched A1InterfaceAsType A1MnemonicNames A1NamedConstants A1NoCheckstyleWarnings A1PublicMethodsOverride BasicMainTest ClassifierFactory CompareSafetyComputationsTest ControllerFactory DerivedSafetyTest DerivingMainTest GenerateSafeDistancesAndDurationsTest InferringMainTest InterpolatedReuse InterpolatingMainTest IsInferredSafeTest IsInterpolatedOneParameterSafetyTest IsInterpolatedTwoParameterSafetyTest ModelFactory PrintGeneratedCombinationDerivedSafetyTest PrintGeneratedCombinationInferredSafetyTest PrintGivenAndGeneratedCombinationDerivedTest PrintSafeDistancesAndDurationsTest SafeSocializationtxtProvided SocialDistanceBasicMainProvided SocialDistanceDerivingMainProvided SocialDistanceInferringMainProvided SocialDistanceInterpolatingMainProvided SocialDistanceUtilityTesterMainProvided UtilityJavaDocs UtilityTesterMainTest ViewFactory WekaFileSizeTest , ,
7,Tue Sep 15 02:38:57 EDT 2020,7,0,F20Assignment1Suite,GivenSafetyTest SocialDistanceClassRegistryProvided SocialDistanceUtilityProvided ,InterpolatedSafetyTest ,A1AccessModifiersMatched A1InterfaceAsType A1MnemonicNames A1NamedConstants A1NoCheckstyleWarnings A1PublicMethodsOverride BasicMainTest ClassifierFactory CompareSafetyComputationsTest ControllerFactory DerivedSafetyTest DerivingMainTest GenerateSafeDistancesAndDurationsTest InferringMainTest InterpolatedReuse InterpolatingMainTest IsInferredSafeTest IsInterpolatedOneParameterSafetyTest IsInterpolatedTwoParameterSafetyTest ModelFactory PrintGeneratedCombinationDerivedSafetyTest PrintGeneratedCombinationInferredSafetyTest PrintGivenAndGeneratedCombinationDerivedTest PrintSafeDistancesAndDurationsTest SafeSocializationtxtProvided SocialDistanceBasicMainProvided SocialDistanceDerivingMainProvided SocialDistanceInferringMainProvided SocialDistanceInterpolatingMainProvided SocialDistanceUtilityTesterMainProvided UtilityJavaDocs UtilityTesterMainTest ViewFactory WekaFileSizeTest , ,
8,Tue Sep 15 02:43:10 EDT 2020,7,0,F20Assignment1Suite,GivenSafetyTest SocialDistanceClassRegistryProvided SocialDistanceUtilityProvided ,InterpolatedSafetyTest ,A1AccessModifiersMatched A1InterfaceAsType A1MnemonicNames A1NamedConstants A1NoCheckstyleWarnings A1PublicMethodsOverride BasicMainTest ClassifierFactory CompareSafetyComputationsTest ControllerFactory DerivedSafetyTest DerivingMainTest GenerateSafeDistancesAndDurationsTest InferringMainTest InterpolatedReuse InterpolatingMainTest IsInferredSafeTest IsInterpolatedOneParameterSafetyTest IsInterpolatedTwoParameterSafetyTest ModelFactory PrintGeneratedCombinationDerivedSafetyTest PrintGeneratedCombinationInferredSafetyTest PrintGivenAndGeneratedCombinationDerivedTest PrintSafeDistancesAndDurationsTest SafeSocializationtxtProvided SocialDistanceBasicMainProvided SocialDistanceDerivingMainProvided SocialDistanceInferringMainProvided SocialDistanceInterpolatingMainProvided SocialDistanceUtilityTesterMainProvided UtilityJavaDocs UtilityTesterMainTest ViewFactory WekaFileSizeTest , ,
9,Tue Sep 15 02:46:08 EDT 2020,7,0,F20Assignment1Suite,GivenSafetyTest SocialDistanceClassRegistryProvided SocialDistanceUtilityProvided ,InterpolatedSafetyTest ,A1AccessModifiersMatched A1InterfaceAsType A1MnemonicNames A1NamedConstants A1NoCheckstyleWarnings A1PublicMethodsOverride BasicMainTest ClassifierFactory CompareSafetyComputationsTest ControllerFactory DerivedSafetyTest DerivingMainTest GenerateSafeDistancesAndDurationsTest InferringMainTest InterpolatedReuse InterpolatingMainTest IsInferredSafeTest IsInterpolatedOneParameterSafetyTest IsInterpolatedTwoParameterSafetyTest ModelFactory PrintGeneratedCombinationDerivedSafetyTest PrintGeneratedCombinationInferredSafetyTest PrintGivenAndGeneratedCombinationDerivedTest PrintSafeDistancesAndDurationsTest SafeSocializationtxtProvided SocialDistanceBasicMainProvided SocialDistanceDerivingMainProvided SocialDistanceInferringMainProvided SocialDistanceInterpolatingMainProvided SocialDistanceUtilityTesterMainProvided UtilityJavaDocs UtilityTesterMainTest ViewFactory WekaFileSizeTest , ,
10,Tue Sep 15 02:57:39 EDT 2020,7,0,F20Assignment1Suite,GivenSafetyTest SocialDistanceClassRegistryProvided SocialDistanceUtilityProvided ,InterpolatedSafetyTest ,A1AccessModifiersMatched A1InterfaceAsType A1MnemonicNames A1NamedConstants A1NoCheckstyleWarnings A1PublicMethodsOverride BasicMainTest ClassifierFactory CompareSafetyComputationsTest ControllerFactory DerivedSafetyTest DerivingMainTest GenerateSafeDistancesAndDurationsTest InferringMainTest InterpolatedReuse InterpolatingMainTest IsInferredSafeTest IsInterpolatedOneParameterSafetyTest IsInterpolatedTwoParameterSafetyTest ModelFactory PrintGeneratedCombinationDerivedSafetyTest PrintGeneratedCombinationInferredSafetyTest PrintGivenAndGeneratedCombinationDerivedTest PrintSafeDistancesAndDurationsTest SafeSocializationtxtProvided SocialDistanceBasicMainProvided SocialDistanceDerivingMainProvided SocialDistanceInferringMainProvided SocialDistanceInterpolatingMainProvided SocialDistanceUtilityTesterMainProvided UtilityJavaDocs UtilityTesterMainTest ViewFactory WekaFileSizeTest , ,
11,Tue Sep 15 02:59:27 EDT 2020,7,0,F20Assignment1Suite,GivenSafetyTest SocialDistanceClassRegistryProvided SocialDistanceUtilityProvided ,InterpolatedSafetyTest ,A1AccessModifiersMatched A1InterfaceAsType A1MnemonicNames A1NamedConstants A1NoCheckstyleWarnings A1PublicMethodsOverride BasicMainTest ClassifierFactory CompareSafetyComputationsTest ControllerFactory DerivedSafetyTest DerivingMainTest GenerateSafeDistancesAndDurationsTest InferringMainTest InterpolatedReuse InterpolatingMainTest IsInferredSafeTest IsInterpolatedOneParameterSafetyTest IsInterpolatedTwoParameterSafetyTest ModelFactory PrintGeneratedCombinationDerivedSafetyTest PrintGeneratedCombinationInferredSafetyTest PrintGivenAndGeneratedCombinationDerivedTest PrintSafeDistancesAndDurationsTest SafeSocializationtxtProvided SocialDistanceBasicMainProvided SocialDistanceDerivingMainProvided SocialDistanceInferringMainProvided SocialDistanceInterpolatingMainProvided SocialDistanceUtilityTesterMainProvided UtilityJavaDocs UtilityTesterMainTest ViewFactory WekaFileSizeTest , ,
12,Tue Sep 15 03:00:15 EDT 2020,7,0,F20Assignment1Suite,GivenSafetyTest SocialDistanceClassRegistryProvided SocialDistanceUtilityProvided ,InterpolatedSafetyTest ,A1AccessModifiersMatched A1InterfaceAsType A1MnemonicNames A1NamedConstants A1NoCheckstyleWarnings A1PublicMethodsOverride BasicMainTest ClassifierFactory CompareSafetyComputationsTest ControllerFactory DerivedSafetyTest DerivingMainTest GenerateSafeDistancesAndDurationsTest InferringMainTest InterpolatedReuse InterpolatingMainTest IsInferredSafeTest IsInterpolatedOneParameterSafetyTest IsInterpolatedTwoParameterSafetyTest ModelFactory PrintGeneratedCombinationDerivedSafetyTest PrintGeneratedCombinationInferredSafetyTest PrintGivenAndGeneratedCombinationDerivedTest PrintSafeDistancesAndDurationsTest SafeSocializationtxtProvided SocialDistanceBasicMainProvided SocialDistanceDerivingMainProvided SocialDistanceInferringMainProvided SocialDistanceInterpolatingMainProvided SocialDistanceUtilityTesterMainProvided UtilityJavaDocs UtilityTesterMainTest ViewFactory WekaFileSizeTest , ,
13,Tue Sep 15 03:07:02 EDT 2020,7,0,F20Assignment1Suite,GivenSafetyTest SocialDistanceClassRegistryProvided SocialDistanceUtilityProvided ,InterpolatedSafetyTest ,A1AccessModifiersMatched A1InterfaceAsType A1MnemonicNames A1NamedConstants A1NoCheckstyleWarnings A1PublicMethodsOverride BasicMainTest ClassifierFactory CompareSafetyComputationsTest ControllerFactory DerivedSafetyTest DerivingMainTest GenerateSafeDistancesAndDurationsTest InferringMainTest InterpolatedReuse InterpolatingMainTest IsInferredSafeTest IsInterpolatedOneParameterSafetyTest IsInterpolatedTwoParameterSafetyTest ModelFactory PrintGeneratedCombinationDerivedSafetyTest PrintGeneratedCombinationInferredSafetyTest PrintGivenAndGeneratedCombinationDerivedTest PrintSafeDistancesAndDurationsTest SafeSocializationtxtProvided SocialDistanceBasicMainProvided SocialDistanceDerivingMainProvided SocialDistanceInferringMainProvided SocialDistanceInterpolatingMainProvided SocialDistanceUtilityTesterMainProvided UtilityJavaDocs UtilityTesterMainTest ViewFactory WekaFileSizeTest , ,
14,Tue Sep 15 03:07:28 EDT 2020,7,0,F20Assignment1Suite,GivenSafetyTest SocialDistanceClassRegistryProvided SocialDistanceUtilityProvided ,InterpolatedSafetyTest ,A1AccessModifiersMatched A1InterfaceAsType A1MnemonicNames A1NamedConstants A1NoCheckstyleWarnings A1PublicMethodsOverride BasicMainTest ClassifierFactory CompareSafetyComputationsTest ControllerFactory DerivedSafetyTest DerivingMainTest GenerateSafeDistancesAndDurationsTest InferringMainTest InterpolatedReuse InterpolatingMainTest IsInferredSafeTest IsInterpolatedOneParameterSafetyTest IsInterpolatedTwoParameterSafetyTest ModelFactory PrintGeneratedCombinationDerivedSafetyTest PrintGeneratedCombinationInferredSafetyTest PrintGivenAndGeneratedCombinationDerivedTest PrintSafeDistancesAndDurationsTest SafeSocializationtxtProvided SocialDistanceBasicMainProvided SocialDistanceDerivingMainProvided SocialDistanceInferringMainProvided SocialDistanceInterpolatingMainProvided SocialDistanceUtilityTesterMainProvided UtilityJavaDocs UtilityTesterMainTest ViewFactory WekaFileSizeTest , ,
15,Tue Sep 15 03:14:03 EDT 2020,10,3,F20Assignment1Suite,GivenSafetyTest IsInterpolatedOneParameterSafetyTest+ SocialDistanceClassRegistryProvided SocialDistanceUtilityProvided ,InterpolatedSafetyTest IsInterpolatedTwoParameterSafetyTest+ ,A1AccessModifiersMatched A1InterfaceAsType A1MnemonicNames A1NamedConstants A1NoCheckstyleWarnings A1PublicMethodsOverride BasicMainTest ClassifierFactory CompareSafetyComputationsTest ControllerFactory DerivedSafetyTest DerivingMainTest GenerateSafeDistancesAndDurationsTest InferringMainTest InterpolatedReuse InterpolatingMainTest IsInferredSafeTest ModelFactory PrintGeneratedCombinationDerivedSafetyTest PrintGeneratedCombinationInferredSafetyTest PrintGivenAndGeneratedCombinationDerivedTest PrintSafeDistancesAndDurationsTest SafeSocializationtxtProvided SocialDistanceBasicMainProvided SocialDistanceDerivingMainProvided SocialDistanceInferringMainProvided SocialDistanceInterpolatingMainProvided SocialDistanceUtilityTesterMainProvided UtilityJavaDocs UtilityTesterMainTest ViewFactory WekaFileSizeTest , ,
16,Tue Sep 15 03:18:38 EDT 2020,15,5,F20Assignment1Suite,GivenSafetyTest InterpolatedSafetyTest+ IsInterpolatedOneParameterSafetyTest IsInterpolatedTwoParameterSafetyTest+ SocialDistanceClassRegistryProvided SocialDistanceUtilityProvided , ,A1AccessModifiersMatched A1InterfaceAsType A1MnemonicNames A1NamedConstants A1NoCheckstyleWarnings A1PublicMethodsOverride BasicMainTest ClassifierFactory CompareSafetyComputationsTest ControllerFactory DerivedSafetyTest DerivingMainTest GenerateSafeDistancesAndDurationsTest InferringMainTest InterpolatedReuse InterpolatingMainTest IsInferredSafeTest ModelFactory PrintGeneratedCombinationDerivedSafetyTest PrintGeneratedCombinationInferredSafetyTest PrintGivenAndGeneratedCombinationDerivedTest PrintSafeDistancesAndDurationsTest SafeSocializationtxtProvided SocialDistanceBasicMainProvided SocialDistanceDerivingMainProvided SocialDistanceInferringMainProvided SocialDistanceInterpolatingMainProvided SocialDistanceUtilityTesterMainProvided UtilityJavaDocs UtilityTesterMainTest ViewFactory WekaFileSizeTest , ,
17,Tue Sep 15 04:03:47 EDT 2020,18,3,F20Assignment1Suite,DerivedSafetyTest+ GivenSafetyTest InterpolatedSafetyTest IsInterpolatedOneParameterSafetyTest IsInterpolatedTwoParameterSafetyTest SocialDistanceClassRegistryProvided SocialDistanceUtilityProvided , ,A1AccessModifiersMatched A1InterfaceAsType A1MnemonicNames A1NamedConstants A1NoCheckstyleWarnings A1PublicMethodsOverride BasicMainTest ClassifierFactory CompareSafetyComputationsTest ControllerFactory DerivingMainTest GenerateSafeDistancesAndDurationsTest InferringMainTest InterpolatedReuse InterpolatingMainTest IsInferredSafeTest ModelFactory PrintGeneratedCombinationDerivedSafetyTest PrintGeneratedCombinationInferredSafetyTest PrintGivenAndGeneratedCombinationDerivedTest PrintSafeDistancesAndDurationsTest SafeSocializationtxtProvided SocialDistanceBasicMainProvided SocialDistanceDerivingMainProvided SocialDistanceInferringMainProvided SocialDistanceInterpolatingMainProvided SocialDistanceUtilityTesterMainProvided UtilityJavaDocs UtilityTesterMainTest ViewFactory WekaFileSizeTest , ,
18,Tue Sep 15 04:05:03 EDT 2020,23,5,F20Assignment1Suite,DerivedSafetyTest GivenSafetyTest InterpolatedSafetyTest IsInterpolatedOneParameterSafetyTest IsInterpolatedTwoParameterSafetyTest PrintGeneratedCombinationDerivedSafetyTest+ PrintGivenAndGeneratedCombinationDerivedTest+ SocialDistanceClassRegistryProvided SocialDistanceUtilityProvided , ,A1AccessModifiersMatched A1InterfaceAsType A1MnemonicNames A1NamedConstants A1NoCheckstyleWarnings A1PublicMethodsOverride BasicMainTest ClassifierFactory CompareSafetyComputationsTest ControllerFactory DerivingMainTest GenerateSafeDistancesAndDurationsTest InferringMainTest InterpolatedReuse InterpolatingMainTest IsInferredSafeTest ModelFactory PrintGeneratedCombinationInferredSafetyTest PrintSafeDistancesAndDurationsTest SafeSocializationtxtProvided SocialDistanceBasicMainProvided SocialDistanceDerivingMainProvided SocialDistanceInferringMainProvided SocialDistanceInterpolatingMainProvided SocialDistanceUtilityTesterMainProvided UtilityJavaDocs UtilityTesterMainTest ViewFactory WekaFileSizeTest , ,
19,Tue Sep 15 04:40:01 EDT 2020,28,5,F20Assignment1Suite,DerivedSafetyTest GenerateSafeDistancesAndDurationsTest+ GivenSafetyTest InterpolatedSafetyTest IsInterpolatedOneParameterSafetyTest IsInterpolatedTwoParameterSafetyTest PrintGeneratedCombinationDerivedSafetyTest PrintGivenAndGeneratedCombinationDerivedTest PrintSafeDistancesAndDurationsTest+ SocialDistanceClassRegistryProvided SocialDistanceUtilityProvided , ,A1AccessModifiersMatched A1InterfaceAsType A1MnemonicNames A1NamedConstants A1NoCheckstyleWarnings A1PublicMethodsOverride BasicMainTest ClassifierFactory CompareSafetyComputationsTest ControllerFactory DerivingMainTest InferringMainTest InterpolatedReuse InterpolatingMainTest IsInferredSafeTest ModelFactory PrintGeneratedCombinationInferredSafetyTest SafeSocializationtxtProvided SocialDistanceBasicMainProvided SocialDistanceDerivingMainProvided SocialDistanceInferringMainProvided SocialDistanceInterpolatingMainProvided SocialDistanceUtilityTesterMainProvided UtilityJavaDocs UtilityTesterMainTest ViewFactory WekaFileSizeTest , ,
20,Tue Sep 15 04:44:28 EDT 2020,28,0,F20Assignment1Suite,DerivedSafetyTest GenerateSafeDistancesAndDurationsTest GivenSafetyTest InterpolatedSafetyTest IsInterpolatedOneParameterSafetyTest IsInterpolatedTwoParameterSafetyTest PrintGeneratedCombinationDerivedSafetyTest PrintGivenAndGeneratedCombinationDerivedTest PrintSafeDistancesAndDurationsTest SocialDistanceClassRegistryProvided SocialDistanceUtilityProvided , ,A1AccessModifiersMatched A1InterfaceAsType A1MnemonicNames A1NamedConstants A1NoCheckstyleWarnings A1PublicMethodsOverride BasicMainTest ClassifierFactory CompareSafetyComputationsTest ControllerFactory DerivingMainTest InferringMainTest InterpolatedReuse InterpolatingMainTest IsInferredSafeTest ModelFactory PrintGeneratedCombinationInferredSafetyTest SafeSocializationtxtProvided SocialDistanceBasicMainProvided SocialDistanceDerivingMainProvided SocialDistanceInferringMainProvided SocialDistanceInterpolatingMainProvided SocialDistanceUtilityTesterMainProvided UtilityJavaDocs UtilityTesterMainTest ViewFactory WekaFileSizeTest , ,
21,Wed Sep 16 00:09:13 EDT 2020,28,0,F20Assignment1Suite,DerivedSafetyTest GenerateSafeDistancesAndDurationsTest GivenSafetyTest InterpolatedSafetyTest IsInterpolatedOneParameterSafetyTest IsInterpolatedTwoParameterSafetyTest PrintGeneratedCombinationDerivedSafetyTest PrintGivenAndGeneratedCombinationDerivedTest PrintSafeDistancesAndDurationsTest SocialDistanceClassRegistryProvided SocialDistanceUtilityProvided , ,A1AccessModifiersMatched A1InterfaceAsType A1MnemonicNames A1NamedConstants A1NoCheckstyleWarnings A1PublicMethodsOverride BasicMainTest ClassifierFactory CompareSafetyComputationsTest ControllerFactory DerivingMainTest InferringMainTest InterpolatedReuse InterpolatingMainTest IsInferredSafeTest ModelFactory PrintGeneratedCombinationInferredSafetyTest SafeSocializationtxtProvided SocialDistanceBasicMainProvided SocialDistanceDerivingMainProvided SocialDistanceInferringMainProvided SocialDistanceInterpolatingMainProvided SocialDistanceUtilityTesterMainProvided UtilityJavaDocs UtilityTesterMainTest ViewFactory WekaFileSizeTest , ,
22,Thu Sep 17 16:02:14 EDT 2020,36,8,F20Assignment1Suite,DerivedSafetyTest GenerateSafeDistancesAndDurationsTest GivenSafetyTest InterpolatedSafetyTest IsInterpolatedOneParameterSafetyTest IsInterpolatedTwoParameterSafetyTest PrintGeneratedCombinationDerivedSafetyTest PrintGivenAndGeneratedCombinationDerivedTest PrintSafeDistancesAndDurationsTest SocialDistanceBasicMainProvided+ SocialDistanceClassRegistryProvided SocialDistanceDerivingMainProvided+ SocialDistanceInterpolatingMainProvided+ SocialDistanceUtilityProvided , ,A1AccessModifiersMatched A1InterfaceAsType A1MnemonicNames A1NamedConstants A1NoCheckstyleWarnings A1PublicMethodsOverride BasicMainTest ClassifierFactory CompareSafetyComputationsTest ControllerFactory DerivingMainTest InferringMainTest InterpolatedReuse InterpolatingMainTest IsInferredSafeTest ModelFactory PrintGeneratedCombinationInferredSafetyTest SafeSocializationtxtProvided SocialDistanceInferringMainProvided SocialDistanceUtilityTesterMainProvided UtilityJavaDocs UtilityTesterMainTest ViewFactory WekaFileSizeTest , ,
23,Thu Sep 17 16:21:15 EDT 2020,44,8,F20Assignment1Suite,ControllerFactory+ DerivedSafetyTest GenerateSafeDistancesAndDurationsTest GivenSafetyTest InterpolatedSafetyTest IsInterpolatedOneParameterSafetyTest IsInterpolatedTwoParameterSafetyTest ModelFactory+ PrintGeneratedCombinationDerivedSafetyTest PrintGivenAndGeneratedCombinationDerivedTest PrintSafeDistancesAndDurationsTest SocialDistanceBasicMainProvided SocialDistanceClassRegistryProvided SocialDistanceDerivingMainProvided SocialDistanceInterpolatingMainProvided SocialDistanceUtilityProvided ViewFactory+ , ,A1AccessModifiersMatched A1InterfaceAsType A1MnemonicNames A1NamedConstants A1NoCheckstyleWarnings A1PublicMethodsOverride BasicMainTest ClassifierFactory CompareSafetyComputationsTest DerivingMainTest InferringMainTest InterpolatedReuse InterpolatingMainTest IsInferredSafeTest PrintGeneratedCombinationInferredSafetyTest SafeSocializationtxtProvided SocialDistanceInferringMainProvided SocialDistanceUtilityTesterMainProvided UtilityJavaDocs UtilityTesterMainTest WekaFileSizeTest , ,
24,Thu Sep 17 16:22:13 EDT 2020,36,-8,F20Assignment1Suite,ControllerFactory DerivedSafetyTest GenerateSafeDistancesAndDurationsTest GivenSafetyTest InterpolatedSafetyTest IsInterpolatedOneParameterSafetyTest IsInterpolatedTwoParameterSafetyTest ModelFactory SocialDistanceBasicMainProvided SocialDistanceClassRegistryProvided SocialDistanceDerivingMainProvided SocialDistanceInterpolatingMainProvided SocialDistanceUtilityProvided ViewFactory , ,A1AccessModifiersMatched A1InterfaceAsType A1MnemonicNames A1NamedConstants A1NoCheckstyleWarnings A1PublicMethodsOverride BasicMainTest ClassifierFactory CompareSafetyComputationsTest DerivingMainTest InferringMainTest InterpolatedReuse InterpolatingMainTest IsInferredSafeTest PrintGeneratedCombinationDerivedSafetyTest- PrintGeneratedCombinationInferredSafetyTest PrintGivenAndGeneratedCombinationDerivedTest- PrintSafeDistancesAndDurationsTest- SafeSocializationtxtProvided SocialDistanceInferringMainProvided SocialDistanceUtilityTesterMainProvided UtilityJavaDocs UtilityTesterMainTest WekaFileSizeTest , ,
25,Thu Sep 17 16:51:57 EDT 2020,36,0,F20Assignment1Suite,ControllerFactory DerivedSafetyTest GenerateSafeDistancesAndDurationsTest GivenSafetyTest InterpolatedSafetyTest IsInterpolatedOneParameterSafetyTest IsInterpolatedTwoParameterSafetyTest ModelFactory SocialDistanceBasicMainProvided SocialDistanceClassRegistryProvided SocialDistanceDerivingMainProvided SocialDistanceInterpolatingMainProvided SocialDistanceUtilityProvided ViewFactory , ,A1AccessModifiersMatched A1InterfaceAsType A1MnemonicNames A1NamedConstants A1NoCheckstyleWarnings A1PublicMethodsOverride BasicMainTest ClassifierFactory CompareSafetyComputationsTest DerivingMainTest InferringMainTest InterpolatedReuse InterpolatingMainTest IsInferredSafeTest PrintGeneratedCombinationDerivedSafetyTest PrintGeneratedCombinationInferredSafetyTest PrintGivenAndGeneratedCombinationDerivedTest PrintSafeDistancesAndDurationsTest SafeSocializationtxtProvided SocialDistanceInferringMainProvided SocialDistanceUtilityTesterMainProvided UtilityJavaDocs UtilityTesterMainTest WekaFileSizeTest , ,
26,Thu Sep 17 18:04:32 EDT 2020,44,8,F20Assignment1Suite,BasicMainTest+ ControllerFactory DerivedSafetyTest DerivingMainTest+ GenerateSafeDistancesAndDurationsTest GivenSafetyTest InterpolatedSafetyTest InterpolatingMainTest+ IsInterpolatedOneParameterSafetyTest IsInterpolatedTwoParameterSafetyTest ModelFactory SocialDistanceBasicMainProvided SocialDistanceClassRegistryProvided SocialDistanceDerivingMainProvided SocialDistanceInterpolatingMainProvided SocialDistanceUtilityProvided ViewFactory , ,A1AccessModifiersMatched A1InterfaceAsType A1MnemonicNames A1NamedConstants A1NoCheckstyleWarnings A1PublicMethodsOverride ClassifierFactory CompareSafetyComputationsTest InferringMainTest InterpolatedReuse IsInferredSafeTest PrintGeneratedCombinationDerivedSafetyTest PrintGeneratedCombinationInferredSafetyTest PrintGivenAndGeneratedCombinationDerivedTest PrintSafeDistancesAndDurationsTest SafeSocializationtxtProvided SocialDistanceInferringMainProvided SocialDistanceUtilityTesterMainProvided UtilityJavaDocs UtilityTesterMainTest WekaFileSizeTest , ,
27,Thu Sep 17 18:07:38 EDT 2020,47,3,F20Assignment1Suite,BasicMainTest ControllerFactory DerivedSafetyTest DerivingMainTest GenerateSafeDistancesAndDurationsTest GivenSafetyTest InterpolatedSafetyTest InterpolatingMainTest IsInterpolatedOneParameterSafetyTest IsInterpolatedTwoParameterSafetyTest ModelFactory SocialDistanceBasicMainProvided SocialDistanceClassRegistryProvided SocialDistanceDerivingMainProvided SocialDistanceInterpolatingMainProvided SocialDistanceUtilityProvided SocialDistanceUtilityTesterMainProvided+ ViewFactory , ,A1AccessModifiersMatched A1InterfaceAsType A1MnemonicNames A1NamedConstants A1NoCheckstyleWarnings A1PublicMethodsOverride ClassifierFactory CompareSafetyComputationsTest InferringMainTest InterpolatedReuse IsInferredSafeTest PrintGeneratedCombinationDerivedSafetyTest PrintGeneratedCombinationInferredSafetyTest PrintGivenAndGeneratedCombinationDerivedTest PrintSafeDistancesAndDurationsTest SafeSocializationtxtProvided SocialDistanceInferringMainProvided UtilityJavaDocs UtilityTesterMainTest WekaFileSizeTest , ,
28,Thu Sep 17 18:16:52 EDT 2020,55,8,F20Assignment1Suite,BasicMainTest ControllerFactory DerivedSafetyTest DerivingMainTest GenerateSafeDistancesAndDurationsTest GivenSafetyTest InterpolatedSafetyTest InterpolatingMainTest IsInterpolatedOneParameterSafetyTest IsInterpolatedTwoParameterSafetyTest ModelFactory PrintGeneratedCombinationDerivedSafetyTest+ PrintGivenAndGeneratedCombinationDerivedTest+ PrintSafeDistancesAndDurationsTest+ SocialDistanceBasicMainProvided SocialDistanceClassRegistryProvided SocialDistanceDerivingMainProvided SocialDistanceInterpolatingMainProvided SocialDistanceUtilityProvided SocialDistanceUtilityTesterMainProvided ViewFactory , ,A1AccessModifiersMatched A1InterfaceAsType A1MnemonicNames A1NamedConstants A1NoCheckstyleWarnings A1PublicMethodsOverride ClassifierFactory CompareSafetyComputationsTest InferringMainTest InterpolatedReuse IsInferredSafeTest PrintGeneratedCombinationInferredSafetyTest SafeSocializationtxtProvided SocialDistanceInferringMainProvided UtilityJavaDocs UtilityTesterMainTest WekaFileSizeTest , ,
29,Thu Sep 17 18:26:44 EDT 2020,55,0,F20Assignment1Suite,BasicMainTest ControllerFactory DerivedSafetyTest DerivingMainTest GenerateSafeDistancesAndDurationsTest GivenSafetyTest InterpolatedSafetyTest InterpolatingMainTest IsInterpolatedOneParameterSafetyTest IsInterpolatedTwoParameterSafetyTest ModelFactory PrintGeneratedCombinationDerivedSafetyTest PrintGivenAndGeneratedCombinationDerivedTest PrintSafeDistancesAndDurationsTest SocialDistanceBasicMainProvided SocialDistanceClassRegistryProvided SocialDistanceDerivingMainProvided SocialDistanceInterpolatingMainProvided SocialDistanceUtilityProvided SocialDistanceUtilityTesterMainProvided ViewFactory , ,A1AccessModifiersMatched A1InterfaceAsType A1MnemonicNames A1NamedConstants A1NoCheckstyleWarnings A1PublicMethodsOverride ClassifierFactory CompareSafetyComputationsTest InferringMainTest InterpolatedReuse IsInferredSafeTest PrintGeneratedCombinationInferredSafetyTest SafeSocializationtxtProvided SocialDistanceInferringMainProvided UtilityJavaDocs UtilityTesterMainTest WekaFileSizeTest , ,
30,Thu Sep 17 18:27:34 EDT 2020,60,5,F20Assignment1Suite,BasicMainTest ControllerFactory DerivedSafetyTest DerivingMainTest GenerateSafeDistancesAndDurationsTest GivenSafetyTest InterpolatedSafetyTest InterpolatingMainTest IsInterpolatedOneParameterSafetyTest IsInterpolatedTwoParameterSafetyTest ModelFactory PrintGeneratedCombinationDerivedSafetyTest PrintGivenAndGeneratedCombinationDerivedTest PrintSafeDistancesAndDurationsTest SafeSocializationtxtProvided+ SocialDistanceBasicMainProvided SocialDistanceClassRegistryProvided SocialDistanceDerivingMainProvided SocialDistanceInterpolatingMainProvided SocialDistanceUtilityProvided SocialDistanceUtilityTesterMainProvided ViewFactory WekaFileSizeTest+ , ,A1AccessModifiersMatched A1InterfaceAsType A1MnemonicNames A1NamedConstants A1NoCheckstyleWarnings A1PublicMethodsOverride ClassifierFactory CompareSafetyComputationsTest InferringMainTest InterpolatedReuse IsInferredSafeTest PrintGeneratedCombinationInferredSafetyTest SocialDistanceInferringMainProvided UtilityJavaDocs UtilityTesterMainTest , ,
31,Thu Sep 17 21:17:54 EDT 2020,68,8,F20Assignment1Suite,BasicMainTest CompareSafetyComputationsTest+ ControllerFactory DerivedSafetyTest DerivingMainTest GenerateSafeDistancesAndDurationsTest GivenSafetyTest InterpolatedSafetyTest InterpolatingMainTest IsInterpolatedOneParameterSafetyTest IsInterpolatedTwoParameterSafetyTest ModelFactory PrintGeneratedCombinationDerivedSafetyTest PrintGeneratedCombinationInferredSafetyTest+ PrintGivenAndGeneratedCombinationDerivedTest PrintSafeDistancesAndDurationsTest SafeSocializationtxtProvided SocialDistanceBasicMainProvided SocialDistanceClassRegistryProvided SocialDistanceDerivingMainProvided SocialDistanceInterpolatingMainProvided SocialDistanceUtilityProvided SocialDistanceUtilityTesterMainProvided UtilityTesterMainTest+ ViewFactory WekaFileSizeTest ,IsInferredSafeTest+ ,A1AccessModifiersMatched A1InterfaceAsType A1MnemonicNames A1NamedConstants A1NoCheckstyleWarnings A1PublicMethodsOverride ClassifierFactory InferringMainTest InterpolatedReuse SocialDistanceInferringMainProvided UtilityJavaDocs , ,
32,Thu Sep 17 21:27:34 EDT 2020,71,3,F20Assignment1Suite,BasicMainTest CompareSafetyComputationsTest ControllerFactory DerivedSafetyTest DerivingMainTest GenerateSafeDistancesAndDurationsTest GivenSafetyTest InterpolatedSafetyTest InterpolatingMainTest IsInterpolatedOneParameterSafetyTest IsInterpolatedTwoParameterSafetyTest ModelFactory PrintGeneratedCombinationDerivedSafetyTest PrintGeneratedCombinationInferredSafetyTest PrintGivenAndGeneratedCombinationDerivedTest PrintSafeDistancesAndDurationsTest SafeSocializationtxtProvided SocialDistanceBasicMainProvided SocialDistanceClassRegistryProvided SocialDistanceDerivingMainProvided SocialDistanceInferringMainProvided+ SocialDistanceInterpolatingMainProvided SocialDistanceUtilityProvided SocialDistanceUtilityTesterMainProvided UtilityTesterMainTest ViewFactory WekaFileSizeTest ,IsInferredSafeTest ,A1AccessModifiersMatched A1InterfaceAsType A1MnemonicNames A1NamedConstants A1NoCheckstyleWarnings A1PublicMethodsOverride ClassifierFactory InferringMainTest InterpolatedReuse UtilityJavaDocs , ,
33,Thu Sep 17 21:33:02 EDT 2020,71,0,F20Assignment1Suite,BasicMainTest CompareSafetyComputationsTest ControllerFactory DerivedSafetyTest DerivingMainTest GenerateSafeDistancesAndDurationsTest GivenSafetyTest InterpolatedSafetyTest InterpolatingMainTest IsInterpolatedOneParameterSafetyTest IsInterpolatedTwoParameterSafetyTest ModelFactory PrintGeneratedCombinationDerivedSafetyTest PrintGeneratedCombinationInferredSafetyTest PrintGivenAndGeneratedCombinationDerivedTest PrintSafeDistancesAndDurationsTest SafeSocializationtxtProvided SocialDistanceBasicMainProvided SocialDistanceClassRegistryProvided SocialDistanceDerivingMainProvided SocialDistanceInferringMainProvided SocialDistanceInterpolatingMainProvided SocialDistanceUtilityProvided SocialDistanceUtilityTesterMainProvided UtilityTesterMainTest ViewFactory WekaFileSizeTest ,IsInferredSafeTest ,A1AccessModifiersMatched A1InterfaceAsType A1MnemonicNames A1NamedConstants A1NoCheckstyleWarnings A1PublicMethodsOverride ClassifierFactory InferringMainTest InterpolatedReuse UtilityJavaDocs , ,
34,Thu Sep 17 21:53:38 EDT 2020,71,0,F20Assignment1Suite,BasicMainTest CompareSafetyComputationsTest ControllerFactory DerivedSafetyTest DerivingMainTest GenerateSafeDistancesAndDurationsTest GivenSafetyTest InterpolatedSafetyTest InterpolatingMainTest IsInterpolatedOneParameterSafetyTest IsInterpolatedTwoParameterSafetyTest ModelFactory PrintGeneratedCombinationDerivedSafetyTest PrintGeneratedCombinationInferredSafetyTest PrintGivenAndGeneratedCombinationDerivedTest PrintSafeDistancesAndDurationsTest SafeSocializationtxtProvided SocialDistanceBasicMainProvided SocialDistanceClassRegistryProvided SocialDistanceDerivingMainProvided SocialDistanceInferringMainProvided SocialDistanceInterpolatingMainProvided SocialDistanceUtilityProvided SocialDistanceUtilityTesterMainProvided UtilityTesterMainTest ViewFactory WekaFileSizeTest ,IsInferredSafeTest ,A1AccessModifiersMatched A1InterfaceAsType A1MnemonicNames A1NamedConstants A1NoCheckstyleWarnings A1PublicMethodsOverride ClassifierFactory InferringMainTest InterpolatedReuse UtilityJavaDocs , ,
35,Thu Sep 17 21:54:57 EDT 2020,71,0,F20Assignment1Suite,BasicMainTest CompareSafetyComputationsTest ControllerFactory DerivedSafetyTest DerivingMainTest GenerateSafeDistancesAndDurationsTest GivenSafetyTest InterpolatedSafetyTest InterpolatingMainTest IsInterpolatedOneParameterSafetyTest IsInterpolatedTwoParameterSafetyTest ModelFactory PrintGeneratedCombinationDerivedSafetyTest PrintGeneratedCombinationInferredSafetyTest PrintGivenAndGeneratedCombinationDerivedTest PrintSafeDistancesAndDurationsTest SafeSocializationtxtProvided SocialDistanceBasicMainProvided SocialDistanceClassRegistryProvided SocialDistanceDerivingMainProvided SocialDistanceInferringMainProvided SocialDistanceInterpolatingMainProvided SocialDistanceUtilityProvided SocialDistanceUtilityTesterMainProvided UtilityTesterMainTest ViewFactory WekaFileSizeTest ,IsInferredSafeTest ,A1AccessModifiersMatched A1InterfaceAsType A1MnemonicNames A1NamedConstants A1NoCheckstyleWarnings A1PublicMethodsOverride ClassifierFactory InferringMainTest InterpolatedReuse UtilityJavaDocs , ,
36,Thu Sep 17 22:08:37 EDT 2020,71,0,F20Assignment1Suite,BasicMainTest CompareSafetyComputationsTest ControllerFactory DerivedSafetyTest DerivingMainTest GenerateSafeDistancesAndDurationsTest GivenSafetyTest InterpolatedSafetyTest InterpolatingMainTest IsInterpolatedOneParameterSafetyTest IsInterpolatedTwoParameterSafetyTest ModelFactory PrintGeneratedCombinationDerivedSafetyTest PrintGeneratedCombinationInferredSafetyTest PrintGivenAndGeneratedCombinationDerivedTest PrintSafeDistancesAndDurationsTest SafeSocializationtxtProvided SocialDistanceBasicMainProvided SocialDistanceClassRegistryProvided SocialDistanceDerivingMainProvided SocialDistanceInferringMainProvided SocialDistanceInterpolatingMainProvided SocialDistanceUtilityProvided SocialDistanceUtilityTesterMainProvided UtilityTesterMainTest ViewFactory WekaFileSizeTest ,IsInferredSafeTest ,A1AccessModifiersMatched A1InterfaceAsType A1MnemonicNames A1NamedConstants A1NoCheckstyleWarnings A1PublicMethodsOverride ClassifierFactory InferringMainTest InterpolatedReuse UtilityJavaDocs , ,
37,Thu Sep 17 22:17:59 EDT 2020,76,5,F20Assignment1Suite,BasicMainTest ClassifierFactory+ CompareSafetyComputationsTest ControllerFactory DerivedSafetyTest DerivingMainTest GenerateSafeDistancesAndDurationsTest GivenSafetyTest InferringMainTest+ InterpolatedSafetyTest InterpolatingMainTest IsInterpolatedOneParameterSafetyTest IsInterpolatedTwoParameterSafetyTest ModelFactory PrintGeneratedCombinationDerivedSafetyTest PrintGeneratedCombinationInferredSafetyTest PrintGivenAndGeneratedCombinationDerivedTest PrintSafeDistancesAndDurationsTest SafeSocializationtxtProvided SocialDistanceBasicMainProvided SocialDistanceClassRegistryProvided SocialDistanceDerivingMainProvided SocialDistanceInferringMainProvided SocialDistanceInterpolatingMainProvided SocialDistanceUtilityProvided SocialDistanceUtilityTesterMainProvided UtilityTesterMainTest ViewFactory WekaFileSizeTest ,IsInferredSafeTest ,A1AccessModifiersMatched A1InterfaceAsType A1MnemonicNames A1NamedConstants A1NoCheckstyleWarnings A1PublicMethodsOverride InterpolatedReuse UtilityJavaDocs , ,
38,Thu Sep 17 22:33:23 EDT 2020,78,2,F20Assignment1Suite,A1InterfaceAsType+ BasicMainTest ClassifierFactory CompareSafetyComputationsTest ControllerFactory DerivedSafetyTest DerivingMainTest GenerateSafeDistancesAndDurationsTest GivenSafetyTest InferringMainTest InterpolatedSafetyTest InterpolatingMainTest IsInterpolatedOneParameterSafetyTest IsInterpolatedTwoParameterSafetyTest ModelFactory PrintGeneratedCombinationDerivedSafetyTest PrintGeneratedCombinationInferredSafetyTest PrintGivenAndGeneratedCombinationDerivedTest PrintSafeDistancesAndDurationsTest SafeSocializationtxtProvided SocialDistanceBasicMainProvided SocialDistanceClassRegistryProvided SocialDistanceDerivingMainProvided SocialDistanceInferringMainProvided SocialDistanceInterpolatingMainProvided SocialDistanceUtilityProvided SocialDistanceUtilityTesterMainProvided UtilityTesterMainTest ViewFactory WekaFileSizeTest ,A1MnemonicNames+ A1NamedConstants+ A1PublicMethodsOverride+ IsInferredSafeTest ,A1AccessModifiersMatched A1NoCheckstyleWarnings InterpolatedReuse UtilityJavaDocs , ,
39,Thu Sep 17 22:42:39 EDT 2020,78,0,F20Assignment1Suite,A1InterfaceAsType BasicMainTest ClassifierFactory CompareSafetyComputationsTest ControllerFactory DerivedSafetyTest DerivingMainTest GenerateSafeDistancesAndDurationsTest GivenSafetyTest InferringMainTest InterpolatedSafetyTest InterpolatingMainTest IsInterpolatedOneParameterSafetyTest IsInterpolatedTwoParameterSafetyTest ModelFactory PrintGeneratedCombinationDerivedSafetyTest PrintGeneratedCombinationInferredSafetyTest PrintGivenAndGeneratedCombinationDerivedTest PrintSafeDistancesAndDurationsTest SafeSocializationtxtProvided SocialDistanceBasicMainProvided SocialDistanceClassRegistryProvided SocialDistanceDerivingMainProvided SocialDistanceInferringMainProvided SocialDistanceInterpolatingMainProvided SocialDistanceUtilityProvided SocialDistanceUtilityTesterMainProvided UtilityTesterMainTest ViewFactory WekaFileSizeTest ,A1MnemonicNames A1NamedConstants A1PublicMethodsOverride IsInferredSafeTest ,A1AccessModifiersMatched A1NoCheckstyleWarnings InterpolatedReuse UtilityJavaDocs , ,
40,Thu Sep 17 22:49:16 EDT 2020,78,0,F20Assignment1Suite,A1InterfaceAsType BasicMainTest ClassifierFactory CompareSafetyComputationsTest ControllerFactory DerivedSafetyTest DerivingMainTest GenerateSafeDistancesAndDurationsTest GivenSafetyTest InferringMainTest InterpolatedSafetyTest InterpolatingMainTest IsInterpolatedOneParameterSafetyTest IsInterpolatedTwoParameterSafetyTest ModelFactory PrintGeneratedCombinationDerivedSafetyTest PrintGeneratedCombinationInferredSafetyTest PrintGivenAndGeneratedCombinationDerivedTest PrintSafeDistancesAndDurationsTest SafeSocializationtxtProvided SocialDistanceBasicMainProvided SocialDistanceClassRegistryProvided SocialDistanceDerivingMainProvided SocialDistanceInferringMainProvided SocialDistanceInterpolatingMainProvided SocialDistanceUtilityProvided SocialDistanceUtilityTesterMainProvided UtilityTesterMainTest ViewFactory WekaFileSizeTest ,A1MnemonicNames A1NamedConstants A1PublicMethodsOverride IsInferredSafeTest ,A1AccessModifiersMatched A1NoCheckstyleWarnings InterpolatedReuse UtilityJavaDocs , ,
41,Thu Sep 17 22:53:32 EDT 2020,78,0,F20Assignment1Suite,A1InterfaceAsType BasicMainTest ClassifierFactory CompareSafetyComputationsTest ControllerFactory DerivedSafetyTest DerivingMainTest GenerateSafeDistancesAndDurationsTest GivenSafetyTest InferringMainTest InterpolatedSafetyTest InterpolatingMainTest IsInterpolatedOneParameterSafetyTest IsInterpolatedTwoParameterSafetyTest ModelFactory PrintGeneratedCombinationDerivedSafetyTest PrintGeneratedCombinationInferredSafetyTest PrintGivenAndGeneratedCombinationDerivedTest PrintSafeDistancesAndDurationsTest SafeSocializationtxtProvided SocialDistanceBasicMainProvided SocialDistanceClassRegistryProvided SocialDistanceDerivingMainProvided SocialDistanceInferringMainProvided SocialDistanceInterpolatingMainProvided SocialDistanceUtilityProvided SocialDistanceUtilityTesterMainProvided UtilityTesterMainTest ViewFactory WekaFileSizeTest ,A1MnemonicNames A1NamedConstants A1PublicMethodsOverride IsInferredSafeTest ,A1AccessModifiersMatched A1NoCheckstyleWarnings InterpolatedReuse UtilityJavaDocs , ,
42,Thu Sep 17 22:57:21 EDT 2020,78,0,UtilityClassSuite,A1InterfaceAsType BasicMainTest ClassifierFactory CompareSafetyComputationsTest ControllerFactory DerivedSafetyTest DerivingMainTest GenerateSafeDistancesAndDurationsTest GivenSafetyTest InferringMainTest InterpolatedSafetyTest InterpolatingMainTest IsInterpolatedOneParameterSafetyTest IsInterpolatedTwoParameterSafetyTest ModelFactory PrintGeneratedCombinationDerivedSafetyTest PrintGeneratedCombinationInferredSafetyTest PrintGivenAndGeneratedCombinationDerivedTest PrintSafeDistancesAndDurationsTest SafeSocializationtxtProvided SocialDistanceBasicMainProvided SocialDistanceClassRegistryProvided SocialDistanceDerivingMainProvided SocialDistanceInferringMainProvided SocialDistanceInterpolatingMainProvided SocialDistanceUtilityProvided SocialDistanceUtilityTesterMainProvided UtilityTesterMainTest ViewFactory WekaFileSizeTest ,A1MnemonicNames A1NamedConstants A1PublicMethodsOverride IsInferredSafeTest ,A1AccessModifiersMatched A1NoCheckstyleWarnings InterpolatedReuse UtilityJavaDocs , ,
43,Thu Sep 17 23:02:56 EDT 2020,78,0,F20Assignment1Suite,A1InterfaceAsType BasicMainTest ClassifierFactory CompareSafetyComputationsTest ControllerFactory DerivedSafetyTest DerivingMainTest GenerateSafeDistancesAndDurationsTest GivenSafetyTest InferringMainTest InterpolatedSafetyTest InterpolatingMainTest IsInterpolatedOneParameterSafetyTest IsInterpolatedTwoParameterSafetyTest ModelFactory PrintGeneratedCombinationDerivedSafetyTest PrintGeneratedCombinationInferredSafetyTest PrintGivenAndGeneratedCombinationDerivedTest PrintSafeDistancesAndDurationsTest SafeSocializationtxtProvided SocialDistanceBasicMainProvided SocialDistanceClassRegistryProvided SocialDistanceDerivingMainProvided SocialDistanceInferringMainProvided SocialDistanceInterpolatingMainProvided SocialDistanceUtilityProvided SocialDistanceUtilityTesterMainProvided UtilityTesterMainTest ViewFactory WekaFileSizeTest ,A1MnemonicNames A1NamedConstants A1PublicMethodsOverride IsInferredSafeTest ,A1AccessModifiersMatched A1NoCheckstyleWarnings InterpolatedReuse UtilityJavaDocs , ,
44,Thu Sep 17 23:11:50 EDT 2020,78,0,F20Assignment1Suite,A1InterfaceAsType BasicMainTest ClassifierFactory CompareSafetyComputationsTest ControllerFactory DerivedSafetyTest DerivingMainTest GenerateSafeDistancesAndDurationsTest GivenSafetyTest InferringMainTest InterpolatedSafetyTest InterpolatingMainTest IsInterpolatedOneParameterSafetyTest IsInterpolatedTwoParameterSafetyTest ModelFactory PrintGeneratedCombinationDerivedSafetyTest PrintGeneratedCombinationInferredSafetyTest PrintGivenAndGeneratedCombinationDerivedTest PrintSafeDistancesAndDurationsTest SafeSocializationtxtProvided SocialDistanceBasicMainProvided SocialDistanceClassRegistryProvided SocialDistanceDerivingMainProvided SocialDistanceInferringMainProvided SocialDistanceInterpolatingMainProvided SocialDistanceUtilityProvided SocialDistanceUtilityTesterMainProvided UtilityTesterMainTest ViewFactory WekaFileSizeTest ,A1MnemonicNames A1NamedConstants A1PublicMethodsOverride IsInferredSafeTest ,A1AccessModifiersMatched A1NoCheckstyleWarnings InterpolatedReuse UtilityJavaDocs , ,
45,Thu Sep 17 23:15:18 EDT 2020,76,-2,F20Assignment1Suite,A1InterfaceAsType BasicMainTest ClassifierFactory CompareSafetyComputationsTest ControllerFactory DerivedSafetyTest DerivingMainTest GenerateSafeDistancesAndDurationsTest GivenSafetyTest InterpolatedSafetyTest InterpolatingMainTest IsInterpolatedOneParameterSafetyTest IsInterpolatedTwoParameterSafetyTest ModelFactory PrintGeneratedCombinationDerivedSafetyTest PrintGeneratedCombinationInferredSafetyTest PrintGivenAndGeneratedCombinationDerivedTest PrintSafeDistancesAndDurationsTest SafeSocializationtxtProvided SocialDistanceBasicMainProvided SocialDistanceClassRegistryProvided SocialDistanceDerivingMainProvided SocialDistanceInferringMainProvided SocialDistanceInterpolatingMainProvided SocialDistanceUtilityProvided SocialDistanceUtilityTesterMainProvided UtilityTesterMainTest ViewFactory WekaFileSizeTest ,A1MnemonicNames A1NamedConstants A1PublicMethodsOverride IsInferredSafeTest ,A1AccessModifiersMatched A1NoCheckstyleWarnings InferringMainTest- InterpolatedReuse UtilityJavaDocs , ,
46,Thu Sep 17 23:17:47 EDT 2020,78,2,F20Assignment1Suite,A1InterfaceAsType BasicMainTest ClassifierFactory CompareSafetyComputationsTest ControllerFactory DerivedSafetyTest DerivingMainTest GenerateSafeDistancesAndDurationsTest GivenSafetyTest InferringMainTest+ InterpolatedSafetyTest InterpolatingMainTest IsInterpolatedOneParameterSafetyTest IsInterpolatedTwoParameterSafetyTest ModelFactory PrintGeneratedCombinationDerivedSafetyTest PrintGeneratedCombinationInferredSafetyTest PrintGivenAndGeneratedCombinationDerivedTest PrintSafeDistancesAndDurationsTest SafeSocializationtxtProvided SocialDistanceBasicMainProvided SocialDistanceClassRegistryProvided SocialDistanceDerivingMainProvided SocialDistanceInferringMainProvided SocialDistanceInterpolatingMainProvided SocialDistanceUtilityProvided SocialDistanceUtilityTesterMainProvided UtilityTesterMainTest ViewFactory WekaFileSizeTest ,A1MnemonicNames A1NamedConstants A1PublicMethodsOverride IsInferredSafeTest ,A1AccessModifiersMatched A1NoCheckstyleWarnings InterpolatedReuse UtilityJavaDocs , ,
47,Thu Sep 17 23:21:05 EDT 2020,78,0,F20Assignment1Suite,A1InterfaceAsType BasicMainTest ClassifierFactory CompareSafetyComputationsTest ControllerFactory DerivedSafetyTest DerivingMainTest GenerateSafeDistancesAndDurationsTest GivenSafetyTest InferringMainTest InterpolatedSafetyTest InterpolatingMainTest IsInterpolatedOneParameterSafetyTest IsInterpolatedTwoParameterSafetyTest ModelFactory PrintGeneratedCombinationDerivedSafetyTest PrintGeneratedCombinationInferredSafetyTest PrintGivenAndGeneratedCombinationDerivedTest PrintSafeDistancesAndDurationsTest SafeSocializationtxtProvided SocialDistanceBasicMainProvided SocialDistanceClassRegistryProvided SocialDistanceDerivingMainProvided SocialDistanceInferringMainProvided SocialDistanceInterpolatingMainProvided SocialDistanceUtilityProvided SocialDistanceUtilityTesterMainProvided UtilityTesterMainTest ViewFactory WekaFileSizeTest ,A1MnemonicNames A1NamedConstants A1PublicMethodsOverride IsInferredSafeTest ,A1AccessModifiersMatched A1NoCheckstyleWarnings InterpolatedReuse UtilityJavaDocs , ,
48,Thu Sep 17 23:23:35 EDT 2020,78,0,F20Assignment1Suite,A1InterfaceAsType BasicMainTest ClassifierFactory CompareSafetyComputationsTest ControllerFactory DerivedSafetyTest DerivingMainTest GenerateSafeDistancesAndDurationsTest GivenSafetyTest InferringMainTest InterpolatedSafetyTest InterpolatingMainTest IsInterpolatedOneParameterSafetyTest IsInterpolatedTwoParameterSafetyTest ModelFactory PrintGeneratedCombinationDerivedSafetyTest PrintGeneratedCombinationInferredSafetyTest PrintGivenAndGeneratedCombinationDerivedTest PrintSafeDistancesAndDurationsTest SafeSocializationtxtProvided SocialDistanceBasicMainProvided SocialDistanceClassRegistryProvided SocialDistanceDerivingMainProvided SocialDistanceInferringMainProvided SocialDistanceInterpolatingMainProvided SocialDistanceUtilityProvided SocialDistanceUtilityTesterMainProvided UtilityTesterMainTest ViewFactory WekaFileSizeTest ,A1MnemonicNames A1NamedConstants A1PublicMethodsOverride IsInferredSafeTest ,A1AccessModifiersMatched A1NoCheckstyleWarnings InterpolatedReuse UtilityJavaDocs , ,
49,Thu Sep 17 23:25:56 EDT 2020,78,0,F20Assignment1Suite,A1InterfaceAsType BasicMainTest ClassifierFactory CompareSafetyComputationsTest ControllerFactory DerivedSafetyTest DerivingMainTest GenerateSafeDistancesAndDurationsTest GivenSafetyTest InferringMainTest InterpolatedSafetyTest InterpolatingMainTest IsInterpolatedOneParameterSafetyTest IsInterpolatedTwoParameterSafetyTest ModelFactory PrintGeneratedCombinationDerivedSafetyTest PrintGeneratedCombinationInferredSafetyTest PrintGivenAndGeneratedCombinationDerivedTest PrintSafeDistancesAndDurationsTest SafeSocializationtxtProvided SocialDistanceBasicMainProvided SocialDistanceClassRegistryProvided SocialDistanceDerivingMainProvided SocialDistanceInferringMainProvided SocialDistanceInterpolatingMainProvided SocialDistanceUtilityProvided SocialDistanceUtilityTesterMainProvided UtilityTesterMainTest ViewFactory WekaFileSizeTest ,A1MnemonicNames A1NamedConstants A1PublicMethodsOverride IsInferredSafeTest ,A1AccessModifiersMatched A1NoCheckstyleWarnings InterpolatedReuse UtilityJavaDocs , ,
50,Thu Sep 17 23:27:08 EDT 2020,78,0,F20Assignment1Suite,A1InterfaceAsType BasicMainTest ClassifierFactory CompareSafetyComputationsTest ControllerFactory DerivedSafetyTest DerivingMainTest GenerateSafeDistancesAndDurationsTest GivenSafetyTest InferringMainTest InterpolatedSafetyTest InterpolatingMainTest IsInterpolatedOneParameterSafetyTest IsInterpolatedTwoParameterSafetyTest ModelFactory PrintGeneratedCombinationDerivedSafetyTest PrintGeneratedCombinationInferredSafetyTest PrintGivenAndGeneratedCombinationDerivedTest PrintSafeDistancesAndDurationsTest SafeSocializationtxtProvided SocialDistanceBasicMainProvided SocialDistanceClassRegistryProvided SocialDistanceDerivingMainProvided SocialDistanceInferringMainProvided SocialDistanceInterpolatingMainProvided SocialDistanceUtilityProvided SocialDistanceUtilityTesterMainProvided UtilityTesterMainTest ViewFactory WekaFileSizeTest ,A1MnemonicNames A1NamedConstants A1PublicMethodsOverride IsInferredSafeTest ,A1AccessModifiersMatched A1NoCheckstyleWarnings InterpolatedReuse UtilityJavaDocs , ,
51,Thu Sep 17 23:38:25 EDT 2020,71,-7,F20Assignment1Suite,A1InterfaceAsType BasicMainTest ClassifierFactory CompareSafetyComputationsTest DerivedSafetyTest DerivingMainTest GenerateSafeDistancesAndDurationsTest GivenSafetyTest InferringMainTest InterpolatedSafetyTest InterpolatingMainTest IsInterpolatedOneParameterSafetyTest IsInterpolatedTwoParameterSafetyTest PrintGeneratedCombinationDerivedSafetyTest PrintGeneratedCombinationInferredSafetyTest PrintGivenAndGeneratedCombinationDerivedTest PrintSafeDistancesAndDurationsTest SafeSocializationtxtProvided SocialDistanceBasicMainProvided SocialDistanceClassRegistryProvided SocialDistanceDerivingMainProvided SocialDistanceInferringMainProvided SocialDistanceInterpolatingMainProvided SocialDistanceUtilityProvided SocialDistanceUtilityTesterMainProvided UtilityTesterMainTest WekaFileSizeTest ,A1AccessModifiersMatched+ A1MnemonicNames A1NamedConstants A1PublicMethodsOverride IsInferredSafeTest ,A1NoCheckstyleWarnings ControllerFactory- InterpolatedReuse ModelFactory- UtilityJavaDocs ViewFactory- , ,
52,Thu Sep 17 23:40:57 EDT 2020,78,7,F20Assignment1Suite,A1InterfaceAsType BasicMainTest ClassifierFactory CompareSafetyComputationsTest ControllerFactory+ DerivedSafetyTest DerivingMainTest GenerateSafeDistancesAndDurationsTest GivenSafetyTest InferringMainTest InterpolatedSafetyTest InterpolatingMainTest IsInterpolatedOneParameterSafetyTest IsInterpolatedTwoParameterSafetyTest ModelFactory+ PrintGeneratedCombinationDerivedSafetyTest PrintGeneratedCombinationInferredSafetyTest PrintGivenAndGeneratedCombinationDerivedTest PrintSafeDistancesAndDurationsTest SafeSocializationtxtProvided SocialDistanceBasicMainProvided SocialDistanceClassRegistryProvided SocialDistanceDerivingMainProvided SocialDistanceInferringMainProvided SocialDistanceInterpolatingMainProvided SocialDistanceUtilityProvided SocialDistanceUtilityTesterMainProvided UtilityTesterMainTest ViewFactory+ WekaFileSizeTest ,A1MnemonicNames A1NamedConstants A1PublicMethodsOverride IsInferredSafeTest ,A1AccessModifiersMatched- A1NoCheckstyleWarnings InterpolatedReuse UtilityJavaDocs , ,
53,Thu Sep 17 23:48:12 EDT 2020,78,0,F20Assignment1Suite,A1InterfaceAsType BasicMainTest ClassifierFactory CompareSafetyComputationsTest ControllerFactory DerivedSafetyTest DerivingMainTest GenerateSafeDistancesAndDurationsTest GivenSafetyTest InferringMainTest InterpolatedSafetyTest InterpolatingMainTest IsInterpolatedOneParameterSafetyTest IsInterpolatedTwoParameterSafetyTest ModelFactory PrintGeneratedCombinationDerivedSafetyTest PrintGeneratedCombinationInferredSafetyTest PrintGivenAndGeneratedCombinationDerivedTest PrintSafeDistancesAndDurationsTest SafeSocializationtxtProvided SocialDistanceBasicMainProvided SocialDistanceClassRegistryProvided SocialDistanceDerivingMainProvided SocialDistanceInferringMainProvided SocialDistanceInterpolatingMainProvided SocialDistanceUtilityProvided SocialDistanceUtilityTesterMainProvided UtilityTesterMainTest ViewFactory WekaFileSizeTest ,A1MnemonicNames A1NamedConstants A1PublicMethodsOverride IsInferredSafeTest UtilityJavaDocs+ ,A1AccessModifiersMatched A1NoCheckstyleWarnings InterpolatedReuse , ,
