<?xml version="1.0" encoding="UTF-8"?>
<!-- This configuration file was written by the eclipse-cs plugin configuration 
	editor -->
<!-- Checkstyle-Configuration: Test Description: none -->
<!DOCTYPE module PUBLIC "-//Puppy Crawl//DTD Check Configuration 1.3//EN" "http://www.puppycrawl.com/dtds/configuration_1_3.dtd">


<module name="unc.tools.checkstyle.AnExtendibleChecker">


	<property name="severity" value="warning" />


	<module name="unc.tools.checkstyle.AnExtendibleTreeWalker">
		<property name="severity" value="info" />

		<module name="STBuilder">
			<property name="configurationFileName"
				value="ClassRegistry.csv" />
			<property name="includeTypeTags" value="*" />
			<property name="severity" value="info" />
			<property name="logNoMatches" value="false" />
			<property name="importsAsExistingClasses" value="true" />
			<property name="logAggregateStatistics" value="false" />

			<property name="logMethodsDeclared" value="false" />
			<property name="logVariablesDeclared" value="false" />
			<property name="logPropertiesDeclared" value="false" />
			<property name="logAccessModifiersUsed" value="false" />
			<property name="logSuperTypes" value="false" />
			<property name="logInnerTypes" value="false" />
			<property name="logInterfaces" value="false" />
			<property name="trackTokenTypesUsedInMethods" value="true" />
			<property name="trackJavaDocComments" value="true" />			


			<property name="excludeClassRegularExpressions"
				value="
				checkstyle.*,
				test.simulation.*
			" />
			<property name="externalPackagePrefixes"
				value="								
								assignments.util,
								java.io,
								weka,
								gradingTools,
							" />
			<property name="expectedTypes" value="
			@SocialDistanceViewFactory,
			@SocialDistancDerivingModel,
			@SocialDistanceMVCInferringMain,
			@BasicSocialDistanceUtility,
			@SocialDistanceInterpolatingModel,
			@SocialDistanceBasicModel,
			@SocialDistanceController,
			@SocialDistanceView,
			@SocialDistanceMVCInterpolatingMain,
			@SocialDistanceUilityTesterMain,
			@SocialDistanceMVCBasicMain,
			@SocialDistanceControllerFactory,
			@SocialDistanceMVCDerivingMain,
			@SocialDistanceClassifierFactory,
			@SocialDistanceModelFactory,
		"/>
							

			</module>
			


	</module>


	<module name="unc.tools.checkstyle.ANonCachingTreeWalker">
		<property name="severity" value="warning" />
		
		<module name="ExpectedSignatures">
			<property name="severity" value="warning" />
			<property name="includeTypeTags" value="@GreetingMain" />
			<property name="expectedSignatures"
				value="
			main:String[]->void,
		" />
		</module>
	
		
		<module name="ExpectedMethodJavaDoc">
			<property name="severity" value="info" />
			<property name="includeTypeTags" value="@BasicSocialDistanceUtility" />
			
			<property name="expectedJavaDoc"
				value="low interpolation to a sequence of values is either an element of the sequence or zero" />
		</module>
		
		
		
		<module name="ExpectedMethodJavaDoc">
			<property name="severity" value="info" />
			<property name="includeTypeTags" value="@BasicSocialDistanceUtility" />
			
			<property name="expectedJavaDoc"
				value="high interpolation to a sequence of values is either an element of the sequence or max integer" />
		</module>
		
		<module name="ExpectedMethodJavaDoc">
			<property name="severity" value="info" />
			<property name="includeTypeTags" value="@BasicSocialDistanceUtility" />
			<property name="callingMethod" value=".*:int->int" />
			
			<property name="expectedJavaDoc"
				value="then it is interpolated high" />
		</module>
		<module name="ExpectedMethodJavaDoc">
			<property name="severity" value="info" />
			<property name="includeTypeTags" value="@BasicSocialDistanceUtility" />
			<property name="callingMethod" value=".*:int->int" />
			
			<property name="expectedJavaDoc"
				value="then it is interpolated low" />
		</module>
		<module name="ExpectedMethodJavaDoc">
			<property name="severity" value="info" />
			<property name="includeTypeTags" value="@BasicSocialDistanceUtility" />
			<property name="callingMethod" value=".*:->.*" />
			
			<property name="expectedJavaDoc"
				value="to generate a distance, duration, and exhalation level combination" />
		</module>
		
		<module name="ExpectedMethodJavaDoc">
			<property name="severity" value="info" />
			<property name="includeTypeTags" value="@BasicSocialDistanceUtility" />
			<property name="callingMethod" value=".*:*->boolean" />
			
			<property name="expectedJavaDoc"
				value="is safer than combination" />
		</module>
		
		<module name="ExpectedMethodTokenTypes">
			<property name="severity" value="info" />
			<property name="includeTypeTags" value="@GreetingMain" />
			<property name="processCalledMethods" value="true" />	
			<property name="minimumCount" value="1" />			
			<property name="maximumCount" value="1" />					
			<property name="expectedTokenTypes"
				value="IF, WHILE, LT" />
		</module>
			<module name="ExpectedMethodTokenTypes">
			<property name="severity" value="warning" />
			<property name="callingMethod" value="main:String[]->void"/>			
			<property name="includeTypeTags" value="@GreetingMain" />
			<property name="processCalledMethods" value="true" />	
			<property name="minimumCount" value="1" />			
			<property name="maximumCount" value="1" />					
			<property name="expectedTokenTypes"
				value="IF, WHILE, LT" />
		</module>
		<module name="ExpectedMethodJavaDoc">
			<property name="severity" value="warning" />
			<property name="includeTypeTags" value="@GreetingMain" />
			
			<property name="expectedJavaDoc"
				value="an other   JavaDoc" />
		</module>
		
		<module name="MissingCommonMethodCall">
			<property name="severity" value="info" />
			<property name="includeTypeTags" value="@BasicSocialDistanceUtility" />
			<property name="callingMethod" value="printGivenAndGeneratedCombinationsDerivedSafety:->void"/>
			<property name="otherMethods" value="printGivenAndGeneratedCombinationsInferredSafety:->void"/>				
			<property name="expectedCalls"
				value="
			.*:.*->void,
		" />
		</module>
		<module name="MissingCommonMethodCall">
			<property name="severity" value="warning" />
			<property name="includeTypeTags" value="@BasicSocialDistanceUtility" />
			<property name="callingMethod" value="printGivenAndGeneratedCombinationsDerivedSafety:->void"/>
			<property name="otherMethods" value="printGivenAndGeneratedCombinationsInferredSafety:->void"/>				
			<property name="expectedCalls"
				value="
			.*:.*->void,
		" />
		</module>
		
		
		<module name="MissingMethodCall">
			<property name="severity" value="warning" />
			<property name="includeTypeTags" value="@BasicSocialDistanceUtility" />
			<property name="callingMethod" value="isInterpolatedSafe:int;int;int->boolean"/>
			<property name="processCalledMethods" value="true" />	
			
			<property name="expectedCalls"
				value="
			@BasicSocialDistanceUtility!isGivenSafe:int;int;int->boolean,
		" />
		</module>
		<module name="MissingMethodCall">
			<property name="severity" value="info" />
			<property name="includeTypeTags" value="@BasicSocialDistanceUtility" />
			<property name="callingMethod" value="isInterpolatedSafe:int;int;int->boolean"/>
			<property name="processCalledMethods" value="true" />	
			
			<property name="expectedCalls"
				value="
			@BasicSocialDistanceUtility!isGivenSafe:int;int;int->boolean,
		" />
		</module>
		
		
		<module name="MissingMethodCall">
			<property name="severity" value="info" />
			<property name="includeTypeTags" value="@BasicSocialDistanceUtility" />
			<property name="callingMethod" value="isInterpolatedSafe:int;int->boolean"/>
			
			<property name="expectedCalls"
				value="
			@BasicSocialDistanceUtility!isInterpolatedSafe:int;int;int->boolean,
		" />
		</module>
		
		<module name="MissingMethodCall">
			<property name="severity" value="warning" />
			<property name="includeTypeTags" value="@BasicSocialDistanceUtility" />
			<property name="callingMethod" value="isInterpolatedSafe:int;int->boolean"/>
			
			<property name="expectedCalls"
				value="
			@BasicSocialDistanceUtility!isInterpolatedSafe:int;int;int->boolean,
		" />
		</module>
		
		<module name="MissingMethodCall">
			<property name="severity" value="warning" />
			<property name="includeTypeTags" value="@BasicSocialDistanceUtility" />
			<property name="callingMethod" value="isInterpolatedSafe:int->boolean"/>
			
			<property name="expectedCalls"
				value="
			@BasicSocialDistanceUtility!isInterpolatedSafe:int;int->boolean,
		" />
		</module>
		
		<module name="MissingMethodCall">
			<property name="severity" value="info" />
			<property name="includeTypeTags" value="@BasicSocialDistanceUtility" />
			<property name="callingMethod" value="isInterpolatedSafe:int->boolean"/>
			
			<property name="expectedCalls"
				value="
			@BasicSocialDistanceUtility!isInterpolatedSafe:int;int->boolean,
		" />
		</module>
	<module name="MissingMethodCall">
		<property name="severity" value="warning"/>
		<property name="includeTypeTags" value="@SocialDistanceController"/>
		<property name="processCalledMethods" value="true" />	
		
		<property name="expectedCalls" value="
			@SocialDistanceModelFactory!getSingleton:->.*,
			@SocialDistanceModel.*:*->void,			
			
		"/>
	</module>
	<module name="MissingMethodCall">
		<property name="severity" value="info"/>
		<property name="includeTypeTags" value="@SocialDistanceController"/>
		<property name="processCalledMethods" value="true" />	
		
		<property name="expectedCalls" value="
			@SocialDistanceModelFactory!getSingleton:->.*,
			@SocialDistanceModel.*:*->void,			
			
		"/>
	</module>	
	<module name="MissingMethodCall">
		<property name="severity" value="warning"/>
		<property name="includeTypeTags" value="@SocialDistanceMVCInterpolatingMain"/>
		<property name="processCalledMethods" value="true" />	
		
		<property name="expectedCalls" value="
			@SocialDistanceModelFactory!setSingleton:.*->void,
			@SocialDistanceController!.*:*->.*,
			@SocialDistanceControllerFactory!getSingleton:->@SocialDistanceController,
			
			
		"/>
	</module>
	<module name="MissingMethodCall">
		<property name="severity" value="info"/>
		<property name="includeTypeTags" value="@SocialDistanceMVCInterpolatingMain"/>
		<property name="processCalledMethods" value="true" />			
		<property name="expectedCalls" value="
			@SocialDistanceModelFactory!setSingleton:.*->void,
			@SocialDistanceController!.*:*->.*,
			@SocialDistanceControllerFactory!getSingleton:->@SocialDistanceController,
		"/>
	</module>
		
		<module name="UnexpectedMethodCall">
			<property name="severity" value="info" />
			<property name="includeTypeTags" value="@GreetingMain" />
			<property name="callingMethod" value="main:String[]->void"/>
			
			<property name="expectedCalls"
				value="
			java.io.PrintStream!println:*->.*,Math.random(),
		" />
		</module>
		<module name="UnexpectedMethodCall">
			<property name="severity" value="warning" />
			<property name="includeTypeTags" value="@GreetingMain" />
			<property name="callingMethod" value="main:String[]->void"/>
			
			<property name="expectedCalls"
				value="
			java.io.PrintStream!println:*->.*, Math.random(),
		" />
		</module>
		
		
		<module name="DuplicateShortTypeName">
			<property name="severity" value="warning" />
			<property name="includeTypeTags" value="*" />
		</module>



		<module name="FunctionAssignsGlobal">
			<property name="severity" value="warning" />
			<property name="excludeMethodTags"
				value="
					next(.*), 
					pop(.*), 
					delete(.*), 
					remove(.*), 
					read(.*), 					
					set(.*), 
					process(.*), 
					scan(.*), 
					(.*)create(.*), 					 
					parse(.*),
					(.*)actory(.*),
					fetch(.*),
					run(.*),
					update(.*),
					add(.*),
					getSingleton(.*),
					
					" />

		</module>
		<module name="SetterAssignsGlobal">
			<property name="severity" value="warning" />
		</module>
		<module name="BulkierThen">
			<property name="severity" value="warning" />
			<property name="minThenElseRatio" value="1" />
			<property name="maxElsePartSize" value="1" />
		</module>
		<module name="ThenBranching">
			<property name="severity" value="warning" />

		</module>

		<module name="LiberalMagicNumber">
			<property name="severity" value="warning" />
			<property name="allowedSiblings" value="Math.(.*)" />

		</module>
		<module name="MethodAccessModifier">
			<property name="severity" value="info" />
		</module>
		<module name="MethodAccessModifier">
			<property name="severity" value="warning" />
		</module>
		<module name="PublicMethodsOverride">
			<property name="severity" value="warning" />
		</module>
		<module name="PublicMethodsOverride">
			<property name="severity" value="info" />
		</module>
		<module name="ClassHasOneInterface">
			<property name="severity" value="warning" />
		</module>
		<module name="VariableHasClassType">
			<property name="severity" value="warning" />
		</module>
		<module name="VariableHasClassType">
			<property name="severity" value="info" />
		</module>



		<module name="PeerCommonProperties">
			<property name="severity" value="warning" />


		</module>

		<module name="ConstantDefined">
			<property name="severity" value="info" />
		</module>

	


		<module name="BulkierElse">
			<property name="severity" value="info" />
			<property name="minElseThenRatio" value="1" />
		</module>
		<module name="ElseBranching">
			<property name="severity" value="info" />
		</module>
		<module name="MnemonicNameCheck">
			<property name="severity" value="warning" />
			<property name="processType" value="false" />
			<property name="processLocals" value="true" />
			<property name="processParameters" value="true" />
			<property name="processGlobals" value="true" />
			<property name="processPublicMethods" value="false" />
			<property name="processNonPublicMethods" value="true" />
			<property name="minimumLettersInNameComponent" value="2" />
			<property name="minimumVowelsInNameComponent" value="1" />
			<property name="checkNumVowels" value="true" />
			<property name="checkNumLetters" value="true" />
			<property name="checkInDictionary" value="true" />
			<property name="allowedComponents"
				value="									
					f
			" />

		</module>
		
		<module name="MnemonicNameCheck">
			<property name="severity" value="info" />
			<property name="processType" value="false" />
			<property name="processLocals" value="true" />
			<property name="processParameters" value="true" />
			<property name="processGlobals" value="true" />
			<property name="processPublicMethods" value="false" />
			<property name="processNonPublicMethods" value="true" />
			<property name="minimumLettersInNameComponent" value="2" />
			<property name="minimumVowelsInNameComponent" value="1" />
			<property name="checkNumVowels" value="true" />
			<property name="checkNumLetters" value="true" />
			<property name="checkInDictionary" value="true" />
			<property name="allowedComponents"
				value="
					
					nio,
					xml,
			" />

		</module>
		
		<module name="FinalParameterDefined">
			<property name="severity" value="info" />
		</module>

		<module name="MethodBlockLimit">
			<property name="severity" value="warning" />
			<property name="max" value="1" />
		</module>
		<module name="NestedBlockDepth">
			<property name="severity" value="warning" />
			<property name="max" value="1" />
		</module>
		<module name="EqualsAvoidedNullCheck">
			<property name="severity" value="info" />
		</module>
		<module name="EqualsAvoidedNullCheck">
			<property name="severity" value="warning" />
		</module>
		<module name="ClassDecomposition">
			<property name="severity" value="warning" />
		</module>












	</module>
	<module name="TreeWalker">
		<module name="EqualsAvoidNull" />
		<module name="SimplifyBooleanExpression" />
		<module name="SimplifyBooleanReturn" />
		<module name="StringLiteralEquality" />
		<module name="NestedForDepth">
			<property name="max" value="1" />
		</module>
		<module name="NestedIfDepth">
			<property name="max" value="1" />
		</module>
		<module name="PackageDeclaration" />
		<module name="HiddenField" />


		<module name="VisibilityModifier">
			<property name="packageAllowed" value="true" />
			<property name="protectedAllowed" value="true" />
		</module>
		<module name="ConstantName" />
		<module name="TypeName" />
		<module name="MethodName" />
		<module name="LocalVariableName" />
		<module name="MemberName" />
		<module name="StaticVariableName" />
		<module name="NeedBraces" />
		<module name="MultipleStringLiterals" />
		<module name="OuterTypeFilename" />


		<module name="OneTopLevelClass" />
		<module name="EmptyBlock">
			<property name="option" value="TEXT" />
			<property name="tokens"
				value="LITERAL_TRY, LITERAL_FINALLY, LITERAL_IF, LITERAL_ELSE, LITERAL_SWITCH" />
		</module>
		<module name="NeedBraces" />
		<module name="ArrayTypeStyle" />
		<module name="MissingSwitchDefault" />
		<module name="FallThrough" />

		
		<module name="TypeName">

		</module>
		<module name="MemberName">

		</module>
		<module name="ParameterName">
		</module>
		<module name="LambdaParameterName"/>

	
		<module name="LocalVariableName">

		</module>
		<module name="ClassTypeParameterName">

		</module>
		<module name="MethodTypeParameterName">

		</module>
		<module name="InterfaceTypeParameterName"/>

		
		<module name="AbbreviationAsWordInName">
			<property name="ignoreFinal" value="false" />
			<property name="allowedAbbreviationLength" value="1" />
		</module>
		<module name="AvoidStarImport" />
		<module name="RedundantImport" />
		<module name="UnusedImports" />
		
		<module name="MethodName">
			
		</module>

		<module name="EmptyCatchBlock">
			<property name="exceptionVariableName" value="expected" />
		</module>

		<module name="BooleanExpressionComplexity">
			<property name="max" value="3" />
		</module>
		<module name="ClassDataAbstractionCoupling">
			<property name="max" value="7" />
		</module>
		<module name="ClassFanOutComplexity">
			<property name="max" value="20" />
		</module>
		<module name="CyclomaticComplexity">
			<property name="max" value="10" />
		</module>
		<module name="JavaNCSS">
			<property name="methodMaximum" value="50" />
			<property name="classMaximum" value="1500" />
			<property name="fileMaximum" value="2000" />
		</module>

		<module name="MissingOverride" />
		<module name="AvoidNestedBlocks" />
		
		<module name="InterfaceIsType" />
		<module name="ThrowsCount">
			<property name="max" value="4" />
		</module>
		<module name="CovariantEquals" />	
		<module name="FinalLocalVariable" />
		<module name="IllegalThrows" />
		<module name="IllegalType" />
		<module name="InnerAssignment" />
		<module name="ModifiedControlVariable" />
		<module name="NestedTryDepth">
			<property name="max" value="1" />
		</module>
		<module name="ParameterAssignment" />
		
		<module name="FinalParameters" />


	</module>
</module>


